test_id,eps_a[%],eps_v[%],sigma_r[kPa],sigma_v[kPa]
TMD2,0,0,100.18,100.02
TMD2,0.1,0.0643,100.13,126.35
TMD2,0.2,0.1235,100.11,141.32
TMD2,0.3,0.2098,100.09,155.68
TMD2,0.4,0.2792,99.99,165.93
TMD2,0.5,0.334,99.94,174.63
TMD2,0.6,0.3644,99.97,180.78
TMD2,0.7,0.3969,99.99,187.25
TMD2,0.8,0.4422,99.99,194.77
TMD2,0.9,0.4843,99.91,200.92
TMD2,1,0.5234,99.95,206.51
TMD2,1.1,0.5604,99.97,211.63
TMD2,1.2,0.5951,99.94,216.58
TMD2,1.3,0.6267,99.87,220.65
TMD2,1.4,0.6577,99.83,224.86
TMD2,1.5,0.6876,99.82,228.82
TMD2,1.6,0.7157,99.82,232.31
TMD2,1.7,0.7414,99.86,235.84
TMD2,1.8,0.7658,99.9,238.91
TMD2,1.9,0.7912,99.86,242.14
TMD2,2,0.8159,99.88,245.26
TMD2,2.1,0.8402,99.85,248.23
TMD2,2.2,0.8622,99.89,251.11
TMD2,2.3,0.8814,99.92,253.72
TMD2,2.4,0.9007,99.83,256.15
TMD2,2.5,0.918,99.78,258.34
TMD2,2.6,0.9356,99.8,260.8
TMD2,2.7,0.9543,99.79,263.25
TMD2,2.8,0.9688,99.86,265.21
TMD2,2.9,0.9848,99.78,267.23
TMD2,3,0.9989,99.77,269.08
TMD2,3.1,1.0139,99.77,271.27
TMD2,3.2,1.0267,99.78,273.11
TMD2,3.3,1.0393,99.77,274.87
TMD2,3.4,1.0523,99.72,276.55
TMD2,3.5,1.0618,99.72,277.96
TMD2,3.6,1.0727,99.74,279.59
TMD2,3.7,1.0839,99.69,281.13
TMD2,3.8,1.0938,99.7,282.58
TMD2,3.9,1.1035,99.72,284.14
TMD2,4,1.1129,99.72,285.5
TMD2,4.1,1.122,99.7,286.81
TMD2,4.2,1.1303,99.73,288.15
TMD2,4.3,1.1373,99.75,289.32
TMD2,4.4,1.1452,99.71,290.51
TMD2,4.5,1.1528,99.7,291.85
TMD2,4.6,1.1605,99.68,293.14
TMD2,4.7,1.1672,99.71,294.31
TMD2,4.8,1.1733,99.76,295.44
TMD2,4.9,1.1791,99.71,296.47
TMD2,5,1.1846,99.71,297.59
TMD2,5.1,1.1901,99.71,298.51
TMD2,5.2,1.1956,99.7,299.59
TMD2,5.3,1.2004,99.68,300.6
TMD2,5.4,1.2048,99.72,301.45
TMD2,5.5,1.2094,99.65,302.44
TMD2,5.6,1.2133,99.7,303.48
TMD2,5.7,1.2162,99.71,304.32
TMD2,5.8,1.2202,99.69,305.13
TMD2,5.9,1.2231,99.71,306.07
TMD2,6,1.2266,99.71,306.91
TMD2,6.1,1.2295,99.56,307.62
TMD2,6.2,1.2324,99.65,308.48
TMD2,6.3,1.235,99.63,309.34
TMD2,6.4,1.237,99.63,310.17
TMD2,6.5,1.2391,99.66,311.03
TMD2,6.6,1.2408,99.57,311.67
TMD2,6.7,1.2421,99.65,312.42
TMD2,6.8,1.2432,99.61,313.1
TMD2,6.9,1.2443,99.61,313.72
TMD2,7,1.2452,99.6,314.41
TMD2,7.1,1.2456,99.62,315.11
TMD2,7.2,1.2463,99.67,315.87
TMD2,7.3,1.2468,99.63,316.47
TMD2,7.4,1.2469,99.69,317.07
TMD2,7.5,1.2475,99.69,317.65
TMD2,7.6,1.247,99.62,318.09
TMD2,7.7,1.2463,99.68,318.73
TMD2,7.8,1.2456,99.63,319.24
TMD2,7.9,1.2447,99.63,319.75
TMD2,8,1.2433,99.68,320.26
TMD2,8.1,1.2422,99.7,320.79
TMD2,8.2,1.2405,99.67,321.31
TMD2,8.3,1.2387,99.7,321.84
TMD2,8.4,1.2359,99.67,322.37
TMD2,8.5,1.2337,99.63,322.77
TMD2,8.6,1.2314,99.75,323.42
TMD2,8.7,1.2287,99.66,323.84
TMD2,8.8,1.2258,99.66,324.29
TMD2,8.9,1.222,99.7,324.78
TMD2,9,1.2188,99.7,325.18
TMD2,9.1,1.215,99.67,325.65
TMD2,9.2,1.2115,99.65,326.04
TMD2,9.3,1.2074,99.66,326.41
TMD2,9.4,1.2036,99.64,326.86
TMD2,9.5,1.2002,99.67,327.22
TMD2,9.6,1.1968,99.66,327.71
TMD2,9.7,1.1938,99.66,328.03
TMD2,9.8,1.192,99.69,328.36
TMD2,9.9,1.1879,99.7,328.72
TMD2,10,1.1846,99.69,329.04
TMD2,10.1,1.1814,99.7,329.46
TMD2,10.2,1.1786,99.69,329.82
TMD2,10.3,1.1748,99.7,330.17
TMD2,10.4,1.1713,99.67,330.48
TMD2,10.5,1.1682,99.66,330.76
TMD2,10.6,1.1655,99.66,331.08
TMD2,10.7,1.1618,99.66,331.4
TMD2,10.8,1.1578,99.74,331.84
TMD2,10.9,1.1535,99.71,332.19
TMD2,11,1.1502,99.72,332.53
TMD2,11.1,1.1461,99.74,332.92
TMD2,11.2,1.1427,99.69,333.15
TMD2,11.3,1.1387,99.68,333.36
TMD2,11.4,1.1345,99.71,333.75
TMD2,11.5,1.1305,99.74,334.04
TMD2,11.6,1.1264,99.81,334.5
TMD2,11.7,1.1224,99.76,334.7
TMD2,11.8,1.118,99.69,334.97
TMD2,11.9,1.1137,99.66,335.29
TMD2,12,1.1092,99.73,335.6
TMD2,12.1,1.1044,99.72,335.9
TMD2,12.2,1.0995,99.71,336.09
TMD2,12.3,1.0954,99.77,336.46
TMD2,12.4,1.0915,99.75,336.68
TMD2,12.5,1.0868,99.72,336.87
TMD2,12.6,1.0817,99.77,337.19
TMD2,12.7,1.0774,99.77,337.46
TMD2,12.8,1.0726,99.72,337.66
TMD2,12.9,1.0678,99.76,338.01
TMD2,13,1.0621,99.72,338.16
TMD2,13.1,1.058,99.65,338.44
TMD2,13.2,1.0536,99.68,338.58
TMD2,13.3,1.0482,99.73,338.93
TMD2,13.4,1.0432,99.75,339.13
TMD2,13.5,1.0381,99.76,339.42
TMD2,13.6,1.033,99.78,339.69
TMD2,13.7,1.0277,99.81,339.95
TMD2,13.8,1.0228,99.84,340.14
TMD2,13.9,1.017,99.8,340.36
TMD2,14,1.0124,99.81,340.54
TMD2,14.1,1.0067,99.77,340.77
TMD2,14.2,1.0019,99.75,340.91
TMD2,14.3,0.9966,99.75,341.21
TMD2,14.4,0.9919,99.78,341.36
TMD2,14.5,0.9866,99.75,341.5
TMD2,14.6,0.9813,99.79,341.69
TMD2,14.7,0.9763,99.74,341.78
TMD2,14.8,0.971,99.73,341.87
TMD2,14.9,0.9652,99.8,342.34
TMD2,15,0.9603,99.76,342.49
TMD2,15.1,0.9549,99.74,342.65
TMD2,15.2,0.9495,99.77,342.91
TMD2,15.3,0.945,99.79,342.96
TMD2,15.4,0.9394,99.7,343.03
TMD2,15.5,0.9341,99.71,343.2
TMD2,15.6,0.929,99.81,343.5
TMD2,15.7,0.9236,99.76,343.67
TMD2,15.8,0.9175,99.78,343.94
TMD2,15.9,0.9118,99.76,344.09
TMD2,16,0.9052,99.77,344.23
TMD2,16.1,0.9004,99.76,344.33
TMD2,16.2,0.8948,99.74,344.49
TMD2,16.3,0.8892,99.71,344.71
TMD2,16.4,0.8835,99.74,344.82
TMD2,16.5,0.8777,99.77,344.97
TMD2,16.6,0.8718,99.77,345.12
TMD2,16.7,0.8669,99.82,345.22
TMD2,16.8,0.8615,99.83,345.49
TMD2,16.9,0.8557,99.8,345.55
TMD2,17,0.8495,99.75,345.67
TMD2,17.1,0.844,99.84,345.87
TMD2,17.2,0.8387,99.77,345.96
TMD2,17.3,0.8338,99.79,346.11
TMD2,17.4,0.8281,99.83,346.26
TMD2,17.5,0.8221,99.77,346.37
TMD2,17.6,0.8169,99.8,346.56
TMD2,17.7,0.8118,99.8,346.6
TMD2,17.8,0.8063,99.77,346.72
TMD2,17.9,0.8007,99.77,346.81
TMD2,18,0.7945,99.82,347.01
TMD2,18.1,0.7892,99.76,347.06
TMD2,18.2,0.7829,99.84,347.28
TMD2,18.3,0.7775,99.86,347.31
TMD2,18.4,0.7726,99.86,347.47
TMD2,18.5,0.7663,99.87,347.54
TMD2,18.6,0.7609,99.85,347.62
TMD2,18.7,0.754,99.81,347.75
TMD2,18.8,0.7484,99.75,347.74
TMD2,18.9,0.7428,99.77,347.66
TMD2,19,0.7376,99.79,347.91
TMD2,19.1,0.7316,99.84,348.19
TMD2,19.2,0.7257,99.81,348.2
TMD2,19.3,0.7211,99.84,348.24
TMD2,19.4,0.7153,99.89,348.41
TMD2,19.5,0.7098,99.89,348.48
TMD2,19.6,0.7044,99.84,348.58
TMD2,19.7,0.699,99.84,348.59
TMD2,19.8,0.6924,99.84,348.72
TMD2,19.9,0.6876,99.85,348.77
TMD2,20,0.6815,99.81,348.84
TMD22,0,0,99.2,101.35
TMD22,0.1,0.07,99.18,156.84
TMD22,0.2,0.1151,99.14,196.8
TMD22,0.3,0.1496,99.13,229.93
TMD22,0.4,0.1679,99.12,256.21
TMD22,0.5,0.1762,99.11,281.06
TMD22,0.6,0.1738,99.06,301.34
TMD22,0.7,0.1669,99.14,318.96
TMD22,0.8,0.1507,99.13,334.86
TMD22,0.9,0.1276,99.14,348.14
TMD22,1,0.1054,99.16,360.9
TMD22,1.1,0.0781,99.21,371.82
TMD22,1.2,0.0399,99.19,381.52
TMD22,1.3,-0.0091,99.16,390.97
TMD22,1.4,-0.048,99.22,399.18
TMD22,1.5,-0.0935,99.31,407.5
TMD22,1.6,-0.1438,99.28,414.66
TMD22,1.7,-0.1858,99.24,421.04
TMD22,1.8,-0.2335,99.36,427.04
TMD22,1.9,-0.2857,99.34,432.71
TMD22,2,-0.3448,99.4,438.29
TMD22,2.1,-0.401,99.38,443.38
TMD22,2.2,-0.4578,99.42,448.07
TMD22,2.3,-0.5204,99.4,452.19
TMD22,2.4,-0.5858,99.41,456.63
TMD22,2.5,-0.645,99.48,460.69
TMD22,2.6,-0.7068,99.54,464.37
TMD22,2.7,-0.7716,99.56,467.75
TMD22,2.8,-0.838,99.57,470.91
TMD22,2.9,-0.904,99.6,474.01
TMD22,3,-0.9732,99.62,477.01
TMD22,3.1,-1.05,99.67,479.69
TMD22,3.2,-1.1166,99.67,482.2
TMD22,3.3,-1.1904,99.72,484.83
TMD22,3.4,-1.2704,99.77,487.1
TMD22,3.5,-1.3368,99.78,489.28
TMD22,3.6,-1.4126,99.79,491.29
TMD22,3.7,-1.4846,99.85,493.19
TMD22,3.8,-1.5609,99.83,494.96
TMD22,3.9,-1.6336,99.94,496.23
TMD22,4,-1.7105,99.94,497.87
TMD22,4.1,-1.7869,100.02,499.35
TMD22,4.2,-1.857,100.1,500.79
TMD22,4.3,-1.9351,100.07,501.64
TMD22,4.4,-2.0162,100.08,502.7
TMD22,4.5,-2.1009,100.15,503.89
TMD22,4.6,-2.179,100.19,504.88
TMD22,4.7,-2.2515,100.27,505.51
TMD22,4.8,-2.3248,100.27,506.13
TMD22,4.9,-2.409,100.31,507.03
TMD22,5,-2.4909,100.34,507.78
TMD22,5.1,-2.5775,100.36,508.31
TMD22,5.2,-2.6535,100.39,508.65
TMD22,5.3,-2.7333,100.46,509.08
TMD22,5.4,-2.8097,100.46,509.47
TMD22,5.5,-2.8943,100.48,509.95
TMD22,5.6,-2.9723,100.6,510.18
TMD22,5.7,-3.0472,100.62,510.44
TMD22,5.8,-3.1283,100.68,510.64
TMD22,5.9,-3.212,100.62,510.74
TMD22,6,-3.2936,100.71,511.01
TMD22,6.1,-3.3732,100.78,511.2
TMD22,6.2,-3.4474,100.83,511.34
TMD22,6.3,-3.5305,100.78,511.08
TMD22,6.4,-3.6063,100.91,511.18
TMD22,6.5,-3.6869,100.93,511.1
TMD22,6.6,-3.7651,100.93,511.11
TMD22,6.7,-3.8438,100.96,510.77
TMD22,6.8,-3.9157,101.02,510.62
TMD22,6.9,-3.9952,101.08,510.6
TMD22,7,-4.0727,101.08,510.49
TMD22,7.1,-4.1557,101.14,510.31
TMD22,7.2,-4.2302,101.17,509.83
TMD22,7.3,-4.3129,101.2,509.63
TMD22,7.4,-4.3921,101.18,509.29
TMD22,7.5,-4.4696,101.27,509.12
TMD22,7.6,-4.5441,101.29,508.58
TMD22,7.7,-4.6229,101.3,508.15
TMD22,7.8,-4.6963,101.35,507.72
TMD22,7.9,-4.7713,101.43,507.45
TMD22,8,-4.8477,101.47,507.08
TMD22,8.1,-4.9248,101.45,506.57
TMD22,8.2,-5.0025,101.5,505.99
TMD22,8.3,-5.0732,101.56,505.46
TMD22,8.4,-5.1545,101.56,504.97
TMD22,8.5,-5.2305,101.61,504.56
TMD22,8.6,-5.3084,101.64,504.02
TMD22,8.7,-5.3733,101.67,503.26
TMD22,8.8,-5.4444,101.67,502.55
TMD22,8.9,-5.5185,101.73,502.14
TMD22,9,-5.5945,101.77,501.56
TMD22,9.1,-5.6645,101.81,500.93
TMD22,9.2,-5.7364,101.83,500.02
TMD22,9.3,-5.8088,101.82,499.32
TMD22,9.4,-5.8836,101.89,498.79
TMD22,9.5,-5.9536,101.92,498.3
TMD22,9.6,-6.0221,101.99,497.51
TMD22,9.7,-6.0882,102,496.64
TMD22,9.8,-6.1603,102.1,495.95
TMD22,9.9,-6.2225,102.09,495.4
TMD22,10,-6.2885,102.11,494.7
TMD22,10.1,-6.3613,102.15,493.65
TMD22,10.2,-6.4314,102.19,492.72
TMD22,10.3,-6.4947,102.26,492.12
TMD22,10.4,-6.5625,102.31,491.46
TMD22,10.5,-6.6294,102.28,490.39
TMD22,10.6,-6.6949,102.37,489.63
TMD22,10.7,-6.7634,102.36,488.62
TMD22,10.8,-6.8255,102.42,487.75
TMD22,10.9,-6.8909,102.44,486.78
TMD22,11,-6.9494,102.49,486.06
TMD22,11.1,-7.0122,102.51,484.98
TMD22,11.2,-7.0747,102.51,483.88
TMD22,11.3,-7.1347,102.6,482.78
TMD22,11.4,-7.1917,102.58,481.78
TMD22,11.5,-7.2533,102.69,480.75
TMD22,11.6,-7.3082,102.67,479.51
TMD22,11.7,-7.3722,102.67,478.14
TMD22,11.8,-7.4259,102.71,477.04
TMD22,11.9,-7.482,102.76,475.97
TMD22,12,-7.5395,102.74,474.53
TMD22,12.1,-7.593,102.8,473.03
TMD22,12.2,-7.6445,102.81,471.7
TMD22,12.3,-7.7005,102.8,470.66
TMD22,12.4,-7.7539,102.78,469.54
TMD22,12.5,-7.8085,102.82,468.12
TMD22,12.6,-7.8586,102.86,466.62
TMD22,12.7,-7.908,102.93,465.29
TMD22,12.8,-7.9613,102.93,463.6
TMD22,12.9,-7.9976,102.93,462.21
TMD22,13,-8.0368,102.95,460.39
TMD22,13.1,-8.0849,103.02,458.95
TMD22,13.2,-8.1208,102.98,457.45
TMD22,13.3,-8.1681,103.07,456.08
TMD22,13.4,-8.2076,103,454.3
TMD22,13.5,-8.2441,103.01,452.49
TMD22,13.6,-8.2852,103.05,451.05
TMD22,13.7,-8.3159,103.08,449.5
TMD22,13.8,-8.3568,103.05,448.08
TMD22,13.9,-8.3926,103.03,446.64
TMD22,14,-8.4255,103.05,445.24
TMD22,14.1,-8.4632,103.11,444.03
TMD22,14.2,-8.4902,103.17,442.82
TMD22,14.3,-8.5154,103.15,441.66
TMD22,14.4,-8.5471,103.09,440.53
TMD22,14.5,-8.5801,103.15,439.38
TMD22,14.6,-8.6079,103.11,438.13
TMD22,14.7,-8.6325,103.13,437.14
TMD22,14.8,-8.6618,103.17,436.29
TMD22,14.9,-8.6859,103.16,435.4
TMD22,15,-8.7173,103.22,434.14
TMD22,15.1,-8.7442,103.19,433.31
TMD22,15.2,-8.7788,103.19,432.59
TMD22,15.3,-8.7992,103.29,431.68
TMD22,15.4,-8.8319,103.23,430.72
TMD22,15.5,-8.8557,103.24,429.73
TMD22,15.6,-8.8773,103.26,428.89
TMD22,15.7,-8.9057,103.35,428.14
TMD22,15.8,-8.9269,103.37,427.5
TMD22,15.9,-8.9515,103.28,426.35
TMD22,16,-8.9771,103.3,425.64
TMD22,16.1,-8.9948,103.44,424.94
TMD22,16.2,-9.0208,103.37,424.14
TMD22,16.3,-9.0468,103.35,423.31
TMD22,16.4,-9.0652,103.37,422.32
TMD22,16.5,-9.0887,103.3,421.55
TMD22,16.6,-9.113,103.34,420.69
TMD22,16.7,-9.1359,103.31,419.58
TMD22,16.8,-9.1611,103.41,418.79
TMD22,16.9,-9.1793,103.32,417.54
TMD22,17,-9.2001,103.52,416.78
TMD22,17.1,-9.2191,103.56,415.93
TMD22,17.2,-9.2395,103.59,414.93
TMD22,17.3,-9.2609,103.53,414.08
TMD22,17.4,-9.2789,103.67,413.48
TMD22,17.5,-9.2958,103.68,412.63
TMD22,17.6,-9.3186,103.55,411.76
TMD22,17.7,-9.3351,103.52,411.4
TMD22,17.8,-9.3535,103.61,410.99
TMD22,17.9,-9.3714,103.64,410.54
TMD22,18,-9.3969,103.69,409.87
TMD22,18.1,-9.4159,103.62,409.46
TMD22,18.2,-9.4272,103.66,409.29
TMD22,18.3,-9.4485,103.65,408.67
TMD22,18.4,-9.4687,103.7,408.22
TMD22,18.5,-9.4822,103.74,407.82
TMD22,18.6,-9.5061,103.69,407.49
TMD22,18.7,-9.5218,103.69,407.11
TMD22,18.8,-9.5391,103.79,406.77
TMD22,18.9,-9.5632,103.75,406.24
TMD22,19,-9.5791,103.69,405.72
TMD22,19.1,-9.5949,103.69,405.33
TMD22,19.2,-9.6125,103.67,404.94
TMD22,19.3,-9.6278,103.71,404.57
TMD22,19.4,-9.6482,103.79,403.97
TMD22,19.5,-9.6663,103.78,403.47
TMD22,19.6,-9.6853,103.72,402.97
TMD22,19.7,-9.7,103.79,402.71
TMD22,19.8,-9.7158,103.86,402.33
TMD22,19.9,-9.7298,103.76,401.74
TMD22,20,-9.7442,103.71,401.45
