Descr,sensortype,start_P02,end_P02
refSLT,pc,03/12/2019 08:35,03/12/2019 08:39
5%(0),pc,03/12/2019 09:15,03/12/2019 09:23
step 1,pc,03/12/2019 09:41,03/12/2019 10:13
5%(1),pc,03/12/2019 10:22,03/12/2019 10:28
step 2,pc,03/12/2019 10:51,03/12/2019 11:19
5%(2),pc,03/12/2019 11:35,03/12/2019 11:38
step 3,pc,03/12/2019 11:57,03/12/2019 12:28
5%(3),pc,03/12/2019 12:48,03/12/2019 12:53
step 4,pc,03/12/2019 13:09,03/12/2019 14:10
5%(4),pc,03/12/2019 14:28,03/12/2019 14:33
step 5,pc,03/12/2019 14:53,03/12/2019 15:52
5%(5),pc,03/12/2019 16:16,03/12/2019 16:18
step 6,pc,03/12/2019 16:42,03/12/2019 17:43
5%(6),pc,03/12/2019 18:11,03/12/2019 18:14
step 7,pc,03/12/2019 18:54,03/12/2019 19:48
5%(7),pc,03/12/2019 20:23,03/12/2019 20:29
step 8 (0),pc,03/12/2019 20:59,03/12/2019 21:03
5%(8_0),pc,03/12/2019 21:57,03/12/2019 22:00
step 4(2),pc,03/12/2019 22:17,03/12/2019 22:29
step 6(2),pc,03/12/2019 22:43,03/12/2019 22:45
step 8,pc,03/12/2019 23:22,04/12/2019 00:58
step 9,pc,04/12/2019 01:10,04/12/2019 01:44
step 10,pc,04/12/2019 01:53,04/12/2019 02:01
