pile,publication_name,pile_type,pile_top,pile_depth,h,b,d_eq,D_eq,x,y
P01,DCIS1,vibro,4.00,-28.54,,,0.38,0.48,58412.536,439741.190
P02,DP1,driven_precast,4.00,-27.74,0.40,0.40,0.45,0.45,58422.736,439754.121
P03,DCIS2,vibro,4.00,-28.49,,,0.38,0.48,58432.935,439767.053
P04,SI1,screw_injection,4.00,-33.02,,,0.61,0.85,58443.135,439779.985
P05,SI2,screw_injection,4.00,-33.06,,,0.61,0.85,58453.335,439792.916
P06,DCIS3,vibro,4.00,-28.50,,,0.38,0.48,58463.534,439805.848
P07,SI3,screw_injection,4.00,-30.98,,,0.61,0.85,58426.277,439730.352
P08,SI4,screw_injection,4.00,-30.06,,,0.61,0.85,58436.476,439743.284
P09,DP2,driven_precast,4.00,-27.29,0.40,0.40,0.45,0.45,58446.676,439756.216
P10,DP3,driven_precast,4.00,-27.80,0.40,0.40,0.45,0.45,58456.875,439769.147
P11,DCIS4,vibro,4.00,-28.50,,,0.38,0.48,58467.075,439782.079
,,,,,,,,,,
,,,,,,,,,,
,,,,,,,,,,
,,,,,,,,,,
,,,,,,,,,,
,,,,,,,,,,
,,,,,,,,,,
,,,,,,,,,,
,,,,,,,,,,
,,,,,,,,,,
,,,,,,,,,,
,,,,,,,,,,
,,,,,,,,,,
,,,,,,,,,,
,,,,,,,,,,
,,,,,,,,,,
,,,,,,,,,,
,,,,,,,,,,
,,,,,,,,,,
